Designator,Val,Package,Mid X,Mid Y,Rotation,Layer
"D1","LED","LED_0603_1608Metric",123.600000,-74.000000,30.000000,top
"D2","LED","LED_0603_1608Metric",141.800000,-73.800000,-30.000000,top
"D3","LED","LED_0603_1608Metric",123.600000,-106.000000,-30.000000,top
"D4","LED","LED_0603_1608Metric",142.000000,-106.000000,-150.000000,top
"D5","LED","LED_0603_1608Metric",114.200000,-89.612500,90.000000,top
"D6","LED","LED_0603_1608Metric",151.400000,-90.000000,90.000000,top
